{"cameraMode":{"drawMode":0,"name":"Shaded","section":"Shading Mode"},"sceneLighting":false,"audioPlay":false,"sceneViewState":{"m_AlwaysRefresh":false,"showFog":true,"showSkybox":false,"showFlares":true,"showImageEffects":true,"showParticleSystems":true,"showVisualEffectGraphs":true,"m_FxEnabled":true},"in2DMode":false,"pivot":{"x":0.9850000143051148,"y":0.918999969959259,"z":6.914999961853027},"rotation":{"x":-0.10541100800037384,"y":0.07447892427444458,"z":-0.007898565381765366,"w":-0.9916723370552063},"size":7.002746105194092,"orthographic":false}